,Astronomy,Herbology,Ancient Runes,Charms,Bias
Hufflepuff,4.5716589739011875,3.704478400587397,-4.303382976684114,-0.37806705477332797,8.700287695567853
Hufflepuff,4.600607112363129,3.727778082073147,-4.328781696038795,-0.3796114164483908,8.745428954697502
Hufflepuff,4.629367358410251,3.750933830953,-4.354008028879846,-0.3811375397371603,8.790363726218866
Hufflepuff,4.657944518410007,3.7739494338880593,-4.379066566319274,-0.3826459282921113,8.835097296338258
Hufflepuff,4.686343224706141,3.7968285375495707,-4.4039617273247345,-0.38413706625615984,8.879634762744988
Hufflepuff,4.71456794391622,3.8195746554098675,-4.428697767156636,-0.3856114192436946,8.923981043454344
Hufflepuff,4.742622984740386,3.8421911741275236,-4.453278785297205,-0.38706943526128595,8.968140885137732
Hufflepuff,4.770512505315378,3.864681359555324,-4.477708732907565,-0.38851154557242745,9.0121188709752
Hufflepuff,4.79824052014515,3.8870483623973673,-4.501991419845919,-0.38993816551030425,9.055919428062708
Hufflepuff,4.82581090663693,3.909295223539492,-4.526130521277317,-0.39134969524225965,9.099546834404078
Hufflepuff,4.853227411269319,3.931424879075324,-4.550129583903011,-0.39274652048933306,9.143005225515196
Hufflepuff,4.88049365541696,3.9534401650484825,-4.573992031835256,-0.3941290132039745,9.186298600665946
Hufflepuff,4.907613140854434,3.9753438219299,-4.597721172141345,-0.39549753220879486,9.229430828783435
Hufflepuff,4.934589254960315,3.9971384988477565,-4.621320200078897,-0.39685242379898916,9.272405654038309
Hufflepuff,4.961425275640755,4.018826757586195,-4.644792204042684,-0.3981940223108635,9.31522670113434
Hufflepuff,4.988124375990531,4.040411076367788,-4.668140170241773,-0.3995226506587126,9.357897480319997
Hufflepuff,5.0146896287081475,4.061893853433583,-4.691366987124379,-0.4008386208421234,9.400421392139318
Hufflepuff,5.041124010280409,4.08327741043357,-4.7144754495664944,-0.40214223442562363,9.442801731938234
Hufflepuff,5.067430404950747,4.1045639956394595,-4.73746826283922,-0.40343378299245375,9.485041694141255
Ravenclaw,-2.9207939886897663,2.1010110623209766,2.7891284428578467,4.233670378719162,9.811531567124037
Hufflepuff,5.0936116084845615,4.125755786990797,-4.760348046368624,-0.40471354857410713,9.527144376312448
Ravenclaw,-2.924884091085605,2.1038982663711336,2.7933353670732655,4.240809704475856,9.821237420662726
Hufflepuff,5.119670331743931,4.14685489498467,-4.783117337300965,-0.4059818040571656,9.569112783013617
Ravenclaw,-2.92891817386824,2.1067487716682316,2.7974928695768058,4.24786886887166,9.830883137225927
Hufflepuff,5.145609204083133,4.167863365418524,-4.805778593885206,-0.407238813568846,9.610949829471751
Ravenclaw,-2.932897655324577,2.109563508688828,2.8016022015824014,4.254849886867114,9.840470222575812
Hufflepuff,5.171430776575663,4.188783181994946,-4.828334198683906,-0.40848483284257237,9.652658345066932
Ravenclaw,-2.936823905092883,2.1123433758072943,2.8056645709393724,4.261754704792484,9.850000131595841
Hufflepuff,5.197137525082692,4.209616268796642,-4.8507864616227865,-0.4097201095647957,9.694241076651156
Ravenclaw,-2.9406982463341493,2.115089240738181,2.8096811440863134,4.268585203395975,9.859474270534399
Hufflepuff,5.222731853172217,4.230364492639304,-4.873137622888597,-0.41094488370419713,9.735700691707839
Ravenclaw,-2.9445219577840973,2.1178019418987346,2.8136530478966746,4.2753432007249295,9.868893999126266
Hufflepuff,5.248216094897558,4.251029665309497,-4.895389855684197,-0.41215938782433115,9.777039781361086
Ravenclaw,-2.9482962756935875,2.1204822896967888,2.81758137142313,4.2820304548508386,9.87826063259983
Hufflepuff,5.273592517443243,4.271613545694244,-4.9175452688491985,-0.4133638473806936,9.81826086324325
Ravenclaw,-2.9520223956646148,2.1231310677488753,2.821467167547294,4.288648666448188,9.887575443577306
Hufflepuff,5.298863323645838,4.292117841808528,-4.939605909353955,-0.4145584810031308,9.859366384228693
Ravenclaw,-2.9557014743885306,2.1257490340330194,2.825311454540854,4.295199481236436,9.896839663874738
Hufflepuff,5.32403065439673,4.312544212726526,-4.961573764674134,-0.4157435007644453,9.900358723041226
Ravenclaw,-2.9593346312926596,2.128336921980369,2.8291152175437464,4.301684492293712,9.906054486208037
Hufflepuff,5.349096590933461,4.332894270421998,-4.9834507650526705,-0.4169191124359955,9.94124019274214
Ravenclaw,-2.9629229501010195,2.1308954415095007,2.8328794099645855,4.308105242250242,9.915221065810872
Hufflepuff,5.374063157025755,4.3531695815229146,-5.005238785655422,-0.41808551573103475,9.98201304310537
Ravenclaw,-2.9664674803144484,2.1334252800069633,2.8366049548081853,4.314463225368883,9.924340521969825
Hufflepuff,5.3989323210620155,4.373371668985062,-5.026939648626462,-0.4192429045364843,10.02267946288588
Ravenclaw,-2.969969238615068,2.1359271032573695,2.8402927459346596,4.320759889519669,9.933413939481804
Hufflepuff,5.423705998041676,4.393502013689079,-5.04855512504855,-0.42039146713379155,10.06324158198699
Ravenclaw,-2.9734292101996633,2.1384015563261123,2.8439436492542765,4.3269966380547755,9.942442370038409
Hufflepuff,5.4483860514784705,4.413562055965091,-5.070086936813968,-0.4215313864094818,10.103701473532016
Ravenclaw,-2.976848350046235,2.14084926439756,2.8475585038619444,4.33317483158983,9.951426833541571
Hufflepuff,5.472974295219373,4.433553197048831,-5.091536758410592,-0.4226628400559719,10.144061155845263
Ravenclaw,-2.9802275841176975,2.143270833571396,2.8511381231149406,4.339295789697148,9.960368319354538
Hufflepuff,5.49747249518365,4.453476800472925,-5.1129062186277565,-0.4237860007631801,10.184322594347089
Ravenclaw,-2.983567810506413,2.145666851619576,2.8546832956572428,4.345360792516034,9.969267787491948
Hufflepuff,5.521882371026217,4.473334193396756,-5.134196902186186,-0.4249010364014311,10.224487703367497
Ravenclaw,-2.98686990052301,2.148037888706211,2.8581947863935944,4.351371082284981,9.978126169752528
Hufflepuff,5.5462055977292195,4.493126667878158,-5.155410351296009,-0.4260081101961241,10.264558347882422
Ravenclaw,-2.990134699732698,2.1503844980725315,2.8616733374162298,4.357327864800258,9.986944370797708
Hufflepuff,5.570443807125539,4.51285548208994,-5.176548067146623,-0.4271073808946044,10.304536345176656
Ravenclaw,-2.993363028942081,2.1527072166889396,2.865119668886977,4.363232310805074,9.995723269179198
Hufflepuff,5.594598589357682,4.5325218614841,-5.197611511331953,-0.42819900292565005,10.3444234664371
Ravenclaw,-2.996555685139273,2.1550065658760214,2.868534479877288,4.369085557313258,10.004463718318402
Hufflepuff,5.6186714942753415,4.552126999906415,-5.2186021072144335,-0.42928312655196077,10.384221438279832
Ravenclaw,-2.9997134423899303,2.1572830518962762,2.8719184491685743,4.374888708871099,10.013166547440358
Hufflepuff,5.642664032774684,4.571672060663902,-5.239521241230838,-0.4303598980160136,10.423931944214269
Ravenclaw,-3.0028370526916586,2.159537166518199,2.8752722360150647,4.380642838760791,10.02183256246471
Hufflepuff,5.666577678082279,4.591158177547546,-5.260370264142907,-0.4314294596796268,10.46355662604752
Ravenclaw,-3.005927246789085,2.161769387554247,2.8785964808712725,4.386348990148684,10.030462546856036
Hufflepuff,5.69041386698639,4.610586455812512,-5.28115049223555,-0.432491950157554,10.503097085231838
Ravenclaw,-3.0089847349517407,2.1639801793741267,2.8818918060860126,4.392008177181344,10.039057262435783
Hufflepuff,5.714174001018204,4.629957973117949,-5.301863208465235,-0.4335475044454111,10.542554884157942
Ravenclaw,-3.012010207716771,2.1661699933947447,2.8851588165647932,4.397621386032252,10.047617450157821
Hufflepuff,5.7378594475854365,4.649273780428371,-5.322509663561015,-0.4345962540422218,10.581931547396785
Ravenclaw,-3.015004336598356,2.1683392685480807,2.888398100402294,4.403189575901772,10.056143830849578
Hufflepuff,5.76147154106059,4.668534902878487,-5.343091077080535,-0.4356383270678489,10.62122856289223
Ravenclaw,-3.017967774765616,2.1704884317281645,2.8916102294865262,4.408713679972863,10.064637105920571
Hufflepuff,5.785011583826049,4.6877423406032435,-5.36360863842319,-0.436673848375566,10.66044738310696
Ravenclaw,-3.02090115769066,2.1726178982182645,2.894795760076186,4.414194606324876,10.073097958040034
Hufflepuff,5.808480847278034,4.706897069534748,-5.384063507802515,-0.4377029396600075,10.699589426123813
Ravenclaw,-3.0238051037683378,2.1747280720993274,2.897955233352605,4.419633238807613,10.081527051785237
Hufflepuff,5.831880572791372,4.726000042167647,-5.404456817179751,-0.43872571956072154,10.73865607670458
Ravenclaw,-3.0266802149091676,2.1768193466406482,2.901089175947626,4.425030437877698,10.089925034262027
Hufflepuff,5.85521197264689,4.745052188294445,-5.424789671160433,-0.43974230376153967,10.777648687308282
Ravenclaw,-3.0295270771068106,2.178892104673687,2.9041981004486566,4.4303870413991975,10.098292535698981
Hufflepuff,5.878476230923175,4.764054415712179,-5.445063147855743,-0.44075280508596265,10.816568579070752
Ravenclaw,-3.0323462609813943,2.1809467189498952,2.9072825058820584,4.435703865410307,10.10663017001652
Hufflepuff,5.9016745043543235,4.783007610901769,-5.465278299710282,-0.4417573335887528,10.855417042747263
Ravenclaw,-3.0351383222999035,2.1829835524833685,2.9103428781759866,4.440981704857813,10.11493853537224
Hufflepuff,5.924807923155244,4.8019126396813085,-5.485436154297804,-0.4427559966439113,10.894195339619895
Ravenclaw,-3.03790380247479,2.1850029588790845,2.9133796906037106,4.446221334300935,10.123218214683627
Hufflepuff,5.947877591815967,4.820770347834492,-5.505537715086404,-0.4437488990292105,10.932904702371212
Ravenclaw,-3.040643229041883,2.1870052826474518,2.9163934042083954,4.45142350858608,10.131469776129302
Hufflepuff,5.970884589866356,4.839581561715294,-5.525583962174546,-0.4447361430074409,10.97154633592574
Ravenclaw,-3.0433571161186195,2.188990859505845,2.9193844682102625,4.456588963493926,10.139693773629816
Hufflepuff,5.993829972612544,4.858347088829984,-5.545575852999261,-0.4457178284045249,11.010121418260654
Ravenclaw,-3.0460459648435614,2.190960016667768,2.9223533203970007,4.461718416360189,10.147890747308994
Hufflepuff,6.01671477184634,4.877067718397484,-5.565514323017757,-0.4466940526846402,11.048631101187048
Ravenclaw,-3.0487102637981054,2.192913073120246,2.9253003874982424,4.466812566671349,10.156061223936788
Hufflepuff,6.039539996528785,4.895744221889033,-5.585400286363643,-0.44766491102248956,11.087076511103037
Ravenclaw,-3.051350489411241,2.1948503398900225,2.9282260855448805,4.471872096636536,10.164205717354491
Hufflepuff,6.0623066334489994,4.914377353548061,-5.605234636478884,-0.44863049637284513,11.125458749719922
Ravenclaw,-3.0539671063481717,2.1967721202990895,2.9311308202139523,4.4768976717367135,10.172324728883165
Hufflepuff,6.085015647859369,4.932967850891151,-5.625018246722559,-0.4495908995374897,11.163778894762565
Ravenclaw,-3.0565605678835586,2.198678710210067,2.9340149871597827,4.481889941252223,10.180418747716066
Hufflepuff,6.107667984088106,4.9515164351909045,-5.644751970957433,-0.45054620922967054,11.202038000645075
Ravenclaw,-3.0591313162601144,2.200570398261907,2.9368789723320328,4.486849538769718,10.188488251295826
Hufflepuff,6.130264566130135,4.970023811941486,-5.664436644115316,-0.4514965121361757,11.240237099122826
Ravenclaw,-3.061679783033229,2.202447466096379,2.939723152281274,4.49177708266944,10.196533705677075
Hufflepuff,6.152806298217222,4.988490671307595,-5.684073082742105,-0.45244189297713705,11.278377199921831
Ravenclaw,-3.0642063894022757,2.2043101885757643,2.9425478944526664,4.49667317659374,10.204555565875193
Hufflepuff,6.175294065368225,5.006917688557567,-5.7036620855234,-0.45338243456365873,11.316459291346385
Ravenclaw,-3.0667115465292065,2.2061588339921614,2.9453535574682896,4.501538409897713,10.21255427620181
Hufflepuff,6.197728733920293,5.025305524481269,-5.723204433791502,-0.4543182178533654,11.35448434086589
Ravenclaw,-3.0691956558450224,2.2079936642687974,2.948140491398655,4.506373358082754,10.220530270587671
Hufflepuff,6.220111152041796,5.043654825793439,-5.742700892014588,-0.4552493220039592,11.392453295681698
Ravenclaw,-3.0716591093446626,2.2098149351536978,2.9509090380238843,4.511178583213806,10.228483972893407
Hufflepuff,6.242442150227743,5.061966225523054,-5.762152208268805,-0.4561758244248702,11.43036708327482
Ravenclaw,-3.074102289870836,2.2116228964060665,2.9536595310850258,4.515954634321043,10.236415797208783
Hufflepuff,6.264722541778403,5.08024034338933,-5.781559114694002,-0.4570978008270816,11.468226611935236
Ravenclaw,-3.0765255713872883,2.213417791975701,2.9563922965259515,4.52070204778665,10.244326148140903
Hufflepuff,6.286953123261813,5.098477786164878,-5.80092232793376,-0.4580153252712056,11.50603277127356
Ravenclaw,-3.0789293192419707,2.215199860175753,2.959107652726255,4.525421347717403,10.252215421091886
Hufflepuff,6.3091346749608075,5.116679148026557,-5.82024254956038,-0.45892847021388317,11.543786432715777
Ravenclaw,-3.081313890420558,2.2169693338491268,2.9618059107255466,4.530113046303627,10.260084002526446
Gryffindor,2.509932694218969,-2.5752671386267,2.7999831954409857,-2.361288162180329,7.118837761560429
Hufflepuff,6.331267961305215,5.134845010894513,-5.839520466485438,-0.459837306552578,11.581488449981704
Ravenclaw,-3.0836796337907337,2.218726440528797,2.9644873744395253,4.534777644165152,10.26793227022983
Gryffindor,2.5144518990934754,-2.577544400858428,2.805145278129617,-2.3629769406365013,7.1262421106379525
Hufflepuff,6.3533537312897845,5.152975944759882,-5.858756751356489,-0.4607419036688291,11.619139659547818
Ravenclaw,-3.0860268903376453,2.2204714025923096,2.967152340868187,4.539415630684829,10.275760593556527
Gryffindor,2.51895012404027,-2.5798075432591436,2.8102820715190067,-2.3646508894282077,7.1336295277905535
Hufflepuff,6.375392718878415,5.171072508001609,-5.877952062940471,-0.461642329470027,11.656740881095077
Ravenclaw,-3.088355993390907,2.222204437410715,2.9698011002965083,4.544027484330114,10.283569333670135
Gryffindor,2.523427667906949,-2.582056854084527,2.815393927797006,-2.3663102899875543,7.141000311449604
Hufflepuff,6.397385643395238,5.189135247692813,-5.897107046494359,-0.4625386504297715,11.694292917942299
Ravenclaw,-3.090667268843514,2.223925757492177,2.97243393648793,4.548613672963265,10.291358843774766
Gryffindor,2.5278848235370943,-2.5842926145401983,2.820481192101628,-2.367955417142219,7.148354753316861
Hufflepuff,6.419333209903042,5.207164699897118,-5.916222334123552,-0.46343093162687027,11.731796557465666
Ravenclaw,-3.0929610353630124,2.225635570620481,2.9750511268709467,4.553174654140606,10.299129469338343
Gryffindor,2.532321877932015,-2.5865150989915504,2.82554420271037,-2.3695865393080235,7.155693138556411
Hufflepuff,6.441236109569543,5.225161389955327,-5.935298545128498,-0.46431923678303083,11.769252571504875
Ravenclaw,-3.0952376045952454,2.2273340799886587,2.977652942719099,4.557710875401327,10.306881548308132
Gryffindor,2.5367391124070116,-2.588724575166126,2.8305832912231548,-2.371203918674738,7.163015745979961
Hufflepuff,6.463095020021973,5.243125832762835,-5.9543362863399985,-0.4652036282992994,11.80666171675647
Ravenclaw,-3.0974972813609933,2.2290214843279323,2.9802396493246404,4.562222774546255,10.31461541131883
Gryffindor,2.541136802742372,-2.5909213043488557,2.8355987827391416,-2.3728078113853934,7.170322848225748
Hufflepuff,6.4849106056904136,5.2610585330381205,-5.973336152443647,-0.4660841672912954,11.844024735154795
Ravenclaw,-3.0997403638457985,2.2306979780321785,2.9828115061661467,4.5667107799070195,10.322331381893505
Gryffindor,2.545515219329327,-2.5931055415704507,2.840590996027659,-2.374398467709373,7.177614711931324
Hufflepuff,6.506683518140322,5.278959985582668,-5.992298726293816,-0.46696091362328923,11.881342354241086
Ravenclaw,-3.1019671437832597,2.232363751278093,2.9853687670703213,4.571175310605991,10.330029776637708
Gryffindor,2.5498746273111554,-2.5952775357892253,2.845560243693491,-2.37597613220953,7.1848915979004655
Hufflepuff,6.528414396394645,5.2968306755326475,-6.011224579217595,-0.4678339259411683,11.918615287521105
Ravenclaw,-3.10417790663206,2.2340189901412355,2.987911680368233,4.575616776807387,10.337710905427
Gryffindor,2.554215286719639,-2.5974375300666246,2.850506832336737,-2.3775410439035847,7.1921537612644455
Hufflepuff,6.5501038672459115,5.31467107860266,-6.030114271309061,-0.46870326170433463,11.95584423481175
Ravenclaw,-3.106372931746988,2.2356638767081223,2.9904404890462124,4.580035579959895,10.345375071588187
Gryffindor,2.5585374526070503,-2.599585761736706,2.8554310627074684,-2.3790934364200162,7.199401451637884
Hufflepuff,6.571752545558687,5.332481661321852,-6.048968351714252,-0.46956897721657503,11.99302988257707
Ravenclaw,-3.1085524925441903,2.237298589184527,2.992955430891633,4.584432113031149,10.353022572074499
Gryffindor,2.5628413751738486,-2.6017224625698203,2.8603332298553736,-2.380633538148683,7.206634913269405
Hufflepuff,6.593361034562732,5.350262881262679,-6.067787358907189,-0.4704311276559436,12.030172904254037
Ravenclaw,-3.110716856660893,2.2389233020001438,2.995456738633772,4.588806760734404,10.360653697634973
Gryffindor,2.5671272998922494,-2.603847858930724,2.8652136232745957,-2.382161572386373,7.213854385187289
Hufflepuff,6.614929926137215,5.3680151872626,-6.086571820957292,-0.47128976710369336,12.067273960568487
Ravenclaw,-3.1128662861098078,2.240538185909757,2.99794464007996,4.5931598997477,10.368268732978246
Gryffindor,2.5713954676258326,-2.6059621719313437,2.8700725270439413,-2.3836777574774883,7.2210601013403295
Hufflepuff,6.636459801086306,5.385739019638954,-6.105322255788488,-0.4721449485722939,12.104333699841545
Ravenclaw,-3.115001037428436,2.2421434080910574,3.000419358247199,4.597491898925821,10.375867956930994
Gryffindor,2.575646114745337,-2.608065617578405,2.874910219962643,-2.3851823069500524,7.228252290734075
Hufflepuff,6.657951229406462,5.403434810397276,-6.124039171430354,-0.4729967240325688,12.141352758286912
Ravenclaw,-3.117121361823471,2.2437391322392397,3.0028811114894323,4.601803119505333,10.383451642591229
Gryffindor,2.579879473240792,-2.6101584069161246,2.8797269756818418,-2.386675429647225,7.235431177562631
Hufflepuff,6.679404770545704,5.421102983433294,-6.142723066261548,-0.4738451444399859,12.178331760299324
Ravenclaw,-3.1192275053104948,2.2453255186585017,3.0053301136206376,4.606093915302971,10.39102005747663
Gryffindor,2.584095770830119,-2.61224074616416,2.884523062831951,-2.3881573298544962,7.2425969813362
Hufflepuff,6.700820973655172,5.438743954728824,-6.161374429245841,-0.4746902597601317,12.215271318734489
Ravenclaw,-3.121319708849141,2.2469027243505733,3.0077665740339063,4.610364632907622,10.398573463668138
Gryffindor,2.5882952310643454,-2.614312836851003,2.8892987451460597,-2.389628207422731,7.249749917004511
Hufflepuff,6.72220037783324,5.456358132541797,-6.179993740161,-0.4755321189934004,12.252172035180829
Ravenclaw,-3.1233982084739154,2.248470903100385,3.0101906978166633,4.614615611866172,10.406112117948954
Gryffindor,2.592478073429552,-2.616374875942988,2.8940542815795207,-2.3910882578872164,7.256890195076312
Hufflepuff,6.743543512362442,5.473945917590626,-6.198581469820792,-0.47637077019892615,12.289034500223284
Ravenclaw,-3.1254632354208263,2.250030205558991,3.0126026858621797,4.618847184863427,10.41363627193916
Gryffindor,2.5966445134456744,-2.618427055969086,2.898789926425864,-2.392537672582868,7.264018021735053
Hufflepuff,6.764850896939473,5.491507703233103,-6.217138080290347,-0.4772062605177856,12.325859293699475
Ravenclaw,-3.1275150162499927,2.2515807793238474,3.0150027349775192,4.623059677896359,10.421146172226075
Gryffindor,2.60079476276228,-2.620469565141644,2.903505929429175,-2.393976638755743,7.271133598950919
Hufflepuff,6.786123041898504,5.509043875640035,-6.235664025095122,-0.47803863619549825,12.362646984948489
Ravenclaw,-3.1295537729643814,2.2531227690165485,3.017391037988052,4.627253410442861,10.428642060490569
Gryffindor,2.6049290292514313,-2.6225025874732264,2.908202535893064,-2.395405339670993,7.278237124589336
Hufflepuff,6.807360448428044,5.526554813963792,-6.2541597494236925,-0.478867942603849,12.399398133052532
Ravenclaw,-3.131579723124817,2.2546563163581186,3.019767783838671,4.63142869562525,10.436124173629425
Gryffindor,2.609047517097738,-2.6245263028896972,2.91287998678635,-2.3968239547173953,7.285328792516095
Hufflepuff,6.82856360878157,5.544040890501958,-6.272625690324581,-0.47969422426205766,12.436113287071704
Ravenclaw,-3.1335930799614062,2.2561815602419473,3.0221331576918304,4.635585840368694,10.443592743873943
Gryffindor,2.613150426885704,-2.6265408873396945,2.917538518845584,-2.3982326595085857,7.292408792699204
Hufflepuff,6.849733006482141,5.561502470856238,-6.291062276897352,-0.480517524857318,12.472792986272118
Ravenclaw,-3.1355940524815105,2.257698636804461,3.0244873410225273,4.6397251455547455,10.4510479989049
Gryffindor,2.6172379556844683,-2.628546512900622,2.9221783646745143,-2.3996316259811192,7.299477311307594
Hufflepuff,6.870869116521202,5.5789399140868055,-6.309469930478145,-0.4813378872647301,12.509437760347613
Ravenclaw,-3.137582845574392,2.2592076794936116,3.0268305117103416,4.643846906170189,10.458490161964002
Gryffindor,2.6213102971300266,-2.630543347881294,2.9267997528406178,-2.401021022489471,7.306534530806799
Hufflepuff,6.891972405551779,5.596353572862227,-6.327849064819864,-0.4821553535666452,12.546048129635238
Ravenclaw,-3.1395596601126585,2.2607088191352616,3.0291628441286393,4.647951411451342,10.465919451961971
Gryffindor,2.6253676415050338,-2.632531556921351,2.931402907968788,-2.402401013898091,7.313580630051707
Hufflepuff,6.913043332076241,5.613743793605132,-6.346200086267189,-0.48296996507144574,12.582624605324765
Ravenclaw,-3.1415246930506227,2.262202183997549,3.0314845092310483,4.652038945024,10.47333608358336
Gryffindor,2.629410175816263,-2.6345113010875694,2.9359880508322878,-2.4037717616706216,7.320615784376501
Hufflepuff,6.934082346628836,5.631110916633762,-6.364523393926597,-0.4837817623317789,12.619167689662378
Ravenclaw,-3.1434781375196854,2.2636878998532968,3.0337956746352996,4.656109785039164,10.48074026738825
Gryffindor,2.633438083869812,-2.6364827379671727,2.940555398441061,-2.4051334239563773,7.327640165681879
Hufflepuff,6.955089891953145,5.648455276299543,-6.382819379831565,-0.48459078516226256,12.655677876148768
Ravenclaw,-3.1454201829208563,2.265166090040546,3.0360965047045387,4.660164204304724,10.488132209910905
Gryffindor,2.637451546344131,-2.6384460217582593,2.945105164127495,-2.4064861556741874,7.334653942519654
Hufflepuff,6.976066403174651,5.665777201120808,-6.4010884291030985,-0.48539707265668297,12.692155649731815
Ravenclaw,-3.14735101501451,2.2666368755212742,3.03838716062619,4.664202470413217,10.495512113755533
Gryffindor,2.6414507408609493,-2.640401303357445,2.949637557629724,-2.4078301085936946,7.341657280174833
Hufflepuff,6.997012307968568,5.683077013912818,-6.419330920105773,-0.48620066320469985,12.728601486994004
Ravenclaw,-3.1492708160074763,2.2681003749383684,3.0406678004884657,4.668224845865822,10.502880177689208
Gryffindor,2.6454358420541753,-2.6423487304448234,2.9541527851725533,-2.4091654314142,7.348650340745253
Hufflepuff,7.017928026723086,5.700355031914173,-6.437547224599414,-0.4870015945080771,12.76501585633479
Ravenclaw,-3.151179764637562,2.2695567046709098,3.042938579354606,4.6722315881927114,10.510236596732096
Gryffindor,2.649407021636835,-2.644288447566338,2.9586510495460936,-2.410492269841142,7.355633283218861
Hufflepuff,7.038813972698195,5.717611566909758,-6.455737707886567,-0.4877999035964543,12.80139921814804
Ravenclaw,-3.1530780362555935,2.271005978887836,3.045199649334924,4.676222950069891,10.517581562245049
Gryffindor,2.653364448466123,-2.6462205962136593,2.9631325501821766,-2.411810766660292,7.362606263548734
Hufflepuff,7.05967055218021,5.734846925350335,-6.473902728955908,-0.4885956268426747,12.837752024994732
Ravenclaw,-3.154965802905064,2.2724483096000325,3.0474511596567386,4.680199179432654,10.524915262014684
Gryffindor,2.657308288606624,-2.6481453149016527,2.9675974832286296,-2.4131210618097474,7.369569434725897
Hufflepuff,7.080498164632158,5.752061408468872,-6.492042640621711,-0.4893887999776846,12.874074721771047
Ravenclaw,-3.1568432333994765,2.273883806710913,3.0496932567322705,4.684160519585757,10.532237880336005
Gryffindor,2.6612387053917685,-2.6500627392435243,2.972046041621484,-2.4144232924497953,7.376522946850027
Hufflepuff,7.101297202840149,5.769255312393741,-6.510157789659517,-0.49017945810501823,12.910367745872021
Ravenclaw,-3.1587104933974532,2.2753125780655337,3.0519260842245646,4.6881072093104486,10.539549598092686
Gryffindor,2.665155859483587,-2.651973002023722,2.97647841515518,-2.4157175930307253,7.383466947198111
Hufflepuff,7.122068053055854,5.786428928258864,-6.528248516938114,-0.490967635714882,12.946631527350874
Ravenclaw,-3.160567745475695,2.2767347294983034,3.0541497831115136,4.692039482968436,10.546850592835053
Gryffindor,2.6690599089308096,-2.6538762332686745,2.980894790550845,-2.4170040953586596,7.390401580291135
Hufflepuff,7.1428110951352295,5.80358254231092,-6.546315157547961,-0.4917533666978511,12.982866489074175
Ravenclaw,-3.162415149199861,2.2781503648793264,3.0563644917480493,4.695957570602914,10.554141038855896
Slytherin,-4.532901839302381,-3.900344694277545,-3.3692185405584985,-2.7045293482623283,10.271365093615504
Gryffindor,2.672951009225378,-2.6557725603154383,2.985295351522694,-2.418282928659466,7.397326987958854
Hufflepuff,7.163526702673585,5.820716436013699,-6.56435804092616,-0.4925366843581909,13.019073046872949
Ravenclaw,-3.1642528611934435,2.279559586159433,3.058570345926558,4.699861698036744,10.561421107264133
Slytherin,-4.54037058578394,-3.9035308667383943,-3.3736026123123195,-2.707629639432013,10.28108811087534
Gryffindor,2.6768293133574104,-2.6576621078783274,2.989680278842632,-2.419554219640824,7.404243309402731
Hufflepuff,7.184215243137138,5.837830886149697,-6.582377490978091,-0.4933176214268166,13.055251609689883
Ravenclaw,-3.1660810352046984,2.2809624934139348,3.0607674789355865,4.703752086967885,10.568690966056426
Slytherin,-4.547812212157334,-3.906697033804006,-3.3779680174035858,-2.7107156326686854,10.290786683515151
Gryffindor,2.6806949718686806,-2.659544998113593,2.9940497504031027,-2.420818092552503,7.411150681257084
Hufflepuff,7.204877077991134,5.854926164919038,-6.600373826195821,-0.4940962100739006,13.09140257972272
Ravenclaw,-3.167899822171705,2.2823591848851588,3.062956021616893,4.707628955062167,10.575950780186822
Slytherin,-4.555227029485711,-3.9098434623694276,-3.38231497596607,-2.713787510113928,10.300461107392303
Gryffindor,2.6845481329046526,-2.661421350682221,2.998403941278248,-2.422074669244914,7.418049237648512
Hufflepuff,7.225512562824664,5.872002540035811,-6.618347359773376,-0.4948724819211412,13.127526352563983
Ravenclaw,-3.169709370285614,2.2837497570237875,3.0651361024209005,4.71149251604349,10.583200711634461
Slytherin,-4.562615343704934,-3.912970414588407,-3.386643704444136,-2.7168454507629463,10.31011167340465
Gryffindor,2.6883889422651217,-2.6632912828109085,3.0027430237834296,-2.4233240692259903,7.424939110253663
Hufflepuff,7.246122047472267,5.889060274821891,-6.636298399718991,-0.49564646805370216,13.163623317337128
Ravenclaw,-3.1715098250521403,2.2851343045290573,3.0673078474606053,4.715342979781552,10.590440919469435
Slytherin,-4.56997745573554,-3.9160781479819144,-3.3909544156748193,-2.7198896305354276,10.319738667599657
Gryffindor,2.6922175434535056,-2.6651549093512847,3.007067167533169,-2.4245664097164594,7.431820428355379
Hufflepuff,7.266705876132422,5.9060996282983425,-6.6542272489644185,-0.49641819903183393,13.199693856829244
Ravenclaw,-3.1733013293513697,2.2865129203878447,3.0694713805639933,4.719180552377154,10.597671559916854
Slytherin,-4.577313661591659,-3.919166915543619,-3.3952473189676287,-2.72292022234443,10.329342371280545
Gryffindor,2.6960340777248284,-2.6670123428374297,3.0113765394975527,-2.42580180570355,7.4386933188972915
Hufflepuff,7.2872643874830265,5.923120855274458,-6.672134205471401,-0.49718770490218656,13.235738347620392
Ravenclaw,-3.175084023495921,2.2878856959126814,3.07162682332501,4.723005436245209,10.604892786419173
Slytherin,-4.584624252486988,-3.922236965842427,-3.3995226201821587,-2.7259373961633715,10.338923061109567
Gryffindor,2.6998386841324407,-2.6688636935417516,3.015671304057155,-2.4270303699931945,7.445557906536909
Hufflepuff,7.307797914793946,5.940124206434524,-6.690019562335379,-0.4979550152088242,13.271757160209706
Ravenclaw,-3.1768580452875272,2.289252720778731,3.0737742951531386,4.726817830195478,10.612104749696835
Slytherin,-4.591909514937915,-3.9252885431221762,-3.4037805218035695,-2.728941319091179,10.348481009208497
Gryffindor,2.703631499573515,-2.670709069529276,3.019951623056522,-2.4282522132607722,7.452414313697243
Hufflepuff,7.328306786036733,5.957109928422365,-6.70788360788654,-0.49872015900395017,13.307750659138321
Ravenclaw,-3.1786235300720875,2.290614083059765,3.0759139133216222,4.730617929511147,10.619307597807301
Slytherin,-4.599169730863891,-3.928321887398575,-3.4080212230160134,-2.731932155415661,10.358016483256428
Gryffindor,2.7074126588333565,-2.6725485767104,3.0242176558562646,-2.4294674441004402,7.459262660617029
Hufflepuff,7.3487913239915885,5.974078263923757,-6.72572662578827,-0.49948316485835237,13.343719203109266
Ravenclaw,-3.18038061079323,2.291969869263164,3.0780457930143847,4.734405926025293,10.626501476202494
Slytherin,-4.606405177685124,-3.9313372345534856,-3.412244919774072,-2.734910066675154,10.367529746584962
Gryffindor,2.711182294628562,-2.6743823188921563,3.0284695593838014,-2.430676169073099,7.466103065399574
Hufflepuff,7.369251846351665,5.9910294517467495,-6.743548895133101,-0.5002440608715766,13.379663145104365
Ravenclaw,-3.1821294180444473,2.2933201643639847,3.080170047371684,4.738182008195318,10.633686527784723
Slytherin,-4.613616128417693,-3.93433481642663,-3.416451804872267,-2.7378752117185066,10.377021058270877
Gryffindor,2.7149405376490714,-2.676210397828048,3.0327074881828007,-2.4318784927530395,7.472935644060286
Hufflepuff,7.389688665824776,6.007963726899976,-6.761350690536223,-0.501002874681837,13.415582832498275
Ravenclaw,-3.1838700801198363,2.2946650518381118,3.082286787534545,4.741946361175409,10.64086289296114
Slytherin,-4.620802851766161,-3.9373148609048045,-3.420642068012709,-2.740827746763448,10.386490673226346
Gryffindor,2.7186875165991373,-2.6780329132664855,3.036931594461349,-2.433074517773308,7.479760510572926
Hufflepuff,7.410102090232592,6.024881320669011,-6.779132282226643,-0.5017596334756719,13.45147860716972
Ravenclaw,-3.1856027230634982,2.296004613694535,3.0843961226880037,4.745699166887083,10.648030709696757
Slytherin,-4.627965612213757,-3.940277592008683,-3.4248158958709416,-2.7437678254533977,10.395938842286789
Gryffindor,2.722423358237251,-2.6798499629978823,3.0411420281389008,-2.4342643448698373,7.486577776914618
Hufflepuff,7.430492422607405,6.041782460690826,-6.796893936136046,-0.5025143639973516,13.487350805610012
Ravenclaw,-3.1873274707176353,2.2973389305067706,3.0864981601032104,4.749440604087895,10.655190113566091
Slytherin,-4.635104670110213,-3.943223229977285,-3.4289734721600382,-2.7466955989127624,10.405365812296434
Gryffindor,2.726148187415056,-2.6816616429004485,3.045338936892031,-2.4354480729243764,7.493387553109654
Hufflepuff,7.450859961286525,6.058667371026406,-6.8146359139854455,-0.5032670925580471,13.523199759028941
Ravenclaw,-3.1890444447693866,2.2986680814434597,3.088593005178419,4.753170848438346,10.662341237803462
Slytherin,-4.642220281757325,-3.946151991350185,-3.4331149776930103,-2.7496112158007673,10.414771826191648
Gryffindor,2.729862127115283,-2.6834680469847227,3.049522466199044,-2.4366257990062614,7.50018994727215
Hufflepuff,7.47120500000438,6.075536272231577,-6.832358473369677,-0.5040178450447662,13.559025793458103
Ravenclaw,-3.190753764796442,2.2999921442981655,3.0906807614789025,4.7568900725670575,10.669484213351994
Slytherin,-4.649312699492309,-3.9490640890475324,-3.4372405904435746,-2.7525148223638722,10.42415712308212
Gryffindor,2.733565298488727,-2.6852692674368845,3.0536927593834546,-2.4377976184130645,7.506985065647556
Hufflepuff,7.491527827982384,6.092389381426107,-6.8500618678398,-0.5047666469290638,13.594829229851747
Ravenclaw,-3.192455548311475,2.301311195518397,3.092761530775827,4.760598446134269,10.676619168911365
Slytherin,-4.656382171769012,-3.9519597324479516,-3.4413504856053354,-2.755406562486812,10.43352193832995
Gryffindor,2.737257820890308,-2.687065394660886,3.0578499576563947,-2.4389636247101523,7.513773012653092
Hufflepuff,7.511828730016646,6.1092269123611125,-6.867746346983476,-0.505513523275534,13.630610384185207
Ravenclaw,-3.194149910805426,2.3026253102338847,3.094835413084118,4.7642961358937015,10.683746230984324
Slytherin,-4.663428943237064,-3.9548391274643886,-3.4454448356494294,-2.7582865777423073,10.442866503626721
Gryffindor,2.7409398119142323,-2.688856517319437,3.0619942001579616,-2.44012390976919,7.520553890917118
Hufflepuff,7.532107986563572,6.126049075484841,-6.885412156503376,-0.5062584987500895,13.666369567550989
Ravenclaw,-3.195836965789679,2.303934562284125,3.0969025066993465,4.767983305752845,10.690865523922042
Slytherin,-4.670453254819006,-3.957702476617969,-3.4495238103806805,-2.761155007439484,10.452191047068606
Gryffindor,2.74461138742829,-2.690642722373887,3.066125623997549,-2.4412785638056276,7.527327801317479
Hufflepuff,7.552365873823425,6.14285607800686,-6.903059538293676,-0.5070015976280355,13.702107086252585
Ravenclaw,-3.1975168248371566,2.305239024245224,3.0989629082336716,4.771660116831717,10.697977169968302
Slytherin,-4.677455343785482,-3.9605499791099277,-3.4535875769923106,-2.7640119886710437,10.461495793229561
Gryffindor,2.748272661607304,-2.692424095123028,3.070244364293188,-2.4424276754151917,7.534094843018854
Hufflepuff,7.572602663821904,6.159648123960711,-6.9206887305147005,-0.5077428438019435,13.737823241896072
Ravenclaw,-3.199189597622376,2.3065387674560553,3.1010167126508605,4.775326727520131,10.70508128930259
Slytherin,-4.684435443828532,-3.96338183089167,-3.457636300119252,-2.766857656359222,10.470780963232695
Gryffindor,2.751923746965769,-2.6942007192408615,3.0743505542099268,-2.4435713316094207,7.540855113509153
Hufflepuff,7.592818624489789,6.17642541426506,-6.938299967665761,-0.5084822607893307,13.773518331479558
Ravenclaw,-3.2008553919604883,2.30783386204376,3.103064013300423,4.778983293533533,10.712178000082103
Slytherin,-4.691393785133058,-3.966198224733025,-3.4616701418901017,-2.7696921433005723,10.480046774819822
Gryffindor,2.75556475438969,-2.6959726768133554,3.078444324997281,-2.44470961785027,7.547608708634961
Hufflepuff,7.613014019740721,6.193188146783398,-6.955893480656245,-0.5092198717401524,13.809192647480545
Ravenclaw,-3.2025143138453394,2.309124376948598,3.105104901950878,4.782629967967436,10.71926741848271
Slytherin,-4.698330594446509,-3.9689993502887386,-3.465689261977761,-2.7725155802096104,10.489293442419301
Gryffindor,2.759195793167657,-2.697740048374227,3.082525806025774,-2.445842618083816,7.554355722636093
Hufflepuff,7.633189109547154,6.2099365163823315,-6.973469496875011,-0.5099556994441101,13.844846477941251
Ravenclaw,-3.204166467486578,2.3104103799481823,3.1071394688221887,4.786266901350507,10.726349658738902
Slytherin,-4.705246095146841,-3.9717853941632693,-3.4696938176487997,-2.775328095761353,10.498521177212174
Gryffindor,2.7628169710211696,-2.699502912939775,3.0865951248226042,-2.4469704147730837,7.561096248179262
Hufflepuff,7.6533441500145445,6.226670714988493,-6.991028240258122,-0.510689766337783,13.880480106551966
Ravenclaw,-3.2058119553458404,2.3116919376811085,3.1091678026173812,4.789894241696333,10.733424833182761
Slytherin,-4.712140507308804,-3.9745565399739307,-3.473683963811582,-2.7781298166327875,10.507730187196678
Gryffindor,2.7664283941342345,-2.7012613480428,3.0906524071064547,-2.4480930889300305,7.567830376390892
Hufflepuff,7.673479393453813,6.243390931644123,-7.008569931354983,-0.5114220945115864,13.916093812732477
Ravenclaw,-3.2074508781720383,2.3129691156699947,3.111189990553377,4.79351213455392,10.740493052281963
Slytherin,-4.719014047768598,-3.977312968412434,-3.4776598530631917,-2.7809208675432977,10.516920677251164
Gryffindor,2.770030167182261,-2.703015429765629,3.0946977768214774,-2.449210720146705,7.574558196889107
Hufflepuff,7.693595088452139,6.260097352561358,-7.026094787392917,-0.5121527057165634,13.951687871711636
Ravenclaw,-3.209083335035779,2.3142419783439565,3.113206118391064,4.79712072305695,10.747554424676865
Slytherin,-4.725866930186963,-3.980054857304879,-3.481621635735195,-2.783701371294086,10.526092849195479
Gryffindor,2.773622393360271,-2.704765232772282,3.0987313561704717,-2.450323386625609,7.581279797814923
Hufflepuff,7.713691479942128,6.2767901611752475,-7.043603022340226,-0.512881621371013,13.987262554605106
Ravenclaw,-3.21070942336294,2.315510589060529,3.115216270464622,4.8007201479718375,10.75460905721669
Slytherin,-4.732699365110725,-3.9827823816702357,-3.48556945993827,-2.786471448806613,10.535246901850845
Gryffindor,2.777205174410442,-2.7065108303398,3.10275326564728,-2.451431165209287,7.587995265862646
Hufflepuff,7.7337688092693915,6.2934695381955565,-7.061094846967778,-0.513608862566961,14.02281812849134
Ravenclaw,-3.2123292389674263,2.316775010127053,3.1172205297101327,4.804310547744623,10.761657054994835
Slytherin,-4.739511560032863,-3.9854957137773677,-3.4895034716057425,-2.7892312191600888,10.544383031098297
Gryffindor,2.7807786106490084,-2.708252294388761,3.106763624068426,-2.452534131409164,7.594704686309528
Hufflepuff,7.753827314258598,6.310135661657372,-7.078570468909164,-0.5143344500764766,14.058354856485833
Ravenclaw,-3.213942876083132,2.318035302821541,3.1192189776934898,4.807892058546734,10.768698521383332
Slytherin,-4.746303719451126,-3.988195023200635,-3.4934238145360546,-2.791980799628042,10.553501429935698
Gryffindor,2.784342800992531,-2.7099896955130105,3.1107625486040136,-2.4536323594336547,7.601408143044686
Hufflepuff,7.773867229278021,6.326788706970551,-7.0960300927194595,-0.5150584043578397,14.093872997813724
Ravenclaw,-3.2155504273951303,2.31929152741304,3.121211694637629,4.811464814319647,10.775733558066486
Slytherin,-4.753076044925254,-3.990880476874121,-3.4973306304342007,-2.794720305713993,10.562602288533398
Gryffindor,2.787897842983559,-2.7117231030086275,3.1147501548079077,-2.454725922215567,7.608105718597295
Hufflepuff,7.793888785302628,6.34342884696804,-7.113473919932638,-0.5157807455615636,14.129372807880744
Ravenclaw,-3.2171519840701124,2.320543743181504,3.1231987594491035,4.81502894681848,10.782762265073718
Slytherin,-4.759828735132826,-3.9935522391445217,-3.5012240589521606,-2.7974498511862587,10.571685794288543
Gryffindor,2.791443832815698,-2.7134525849021482,3.11872655664722,-2.455814891438817,7.61479749416411
Hufflepuff,7.813892209975763,6.360056251953099,-7.130902149117663,-0.5165014935362764,14.164854538342592
Ravenclaw,-3.218747635786101,2.3217920084371877,3.125180249744019,4.818584585654551,10.789784740811614
Slytherin,-4.766561985923798,-3.9962104718227405,-3.505104237728358,-2.800169548111913,10.580752131878109
Gryffindor,2.7949808653581014,-2.7151782079780733,3.1226918665311145,-2.456899337564481,7.6214835496363
Hufflepuff,7.833877727669438,6.376671089745464,-7.148314975933302,-0.5172206678344649,14.200318437172774
Ravenclaw,-3.2203374707614554,2.3230363805395804,3.1271562418733465,4.822131858336928,10.796801082095243
Slytherin,-4.773275990373739,-3.998855334234219,-3.508971302426172,-2.8028795068899286,10.589801483310671
Gryffindor,2.7985090341794043,-2.716900037805675,3.1266461953389575,-2.4579793298561974,7.628163963625632
Hufflepuff,7.85384555954329,6.393273525726462,-7.165712593181695,-0.5179382877180856,14.23576474872893
Ravenclaw,-3.221921575783188,2.3242769159158914,3.1291268109476333,4.825670890313004,10.803811384178719
Slytherin,-4.779970938835833,-4.001486983268047,-3.5128253867715284,-2.80557983628352,10.598834027976952
Gryffindor,2.8020284315711077,-2.7186181387651263,3.130589652447822,-2.4590549364049417,7.6348388134900285
Hufflepuff,7.87379592360223,6.409863722883125,-7.183095190860707,-0.5186543721640456,14.271193713817702
Ravenclaw,-3.223500036234616,2.3255136700790975,3.1310920308611285,4.829201805008114,10.810815740785062
Slytherin,-4.786647018991649,-4.004105573424887,-3.516666622589601,-2.808270643451716,10.607849942699188
Gryffindor,2.8055391485704373,-2.720332574072976,3.1345223457593736,-2.4601262241531927,7.641508175358496
Hufflepuff,7.893729034752819,6.426441841851314,-7.200462956215106,-0.5193689398695578,14.30660556975819
Ravenclaw,-3.225072936122363,2.326746697645566,3.1330519743153387,4.832724723864232,10.81781424413536
Slytherin,-4.793304415900744,-4.006711256863737,-3.5204951398406417,-2.8109520339801786,10.61684940177933
Gryffindor,2.8090412749826843,-2.7220434058069793,3.138444381726147,-2.4611932589185046,7.648172124155465
Hufflepuff,7.913645104858406,6.443008040957894,-7.217816073786596,-0.5200820092573728,14.342000550444006
Ravenclaw,-3.2266403581027316,2.3279760523522692,3.135006712842031,4.836239766377774,10.824806984977263
Slytherin,-4.799943312049112,-4.009304183447576,-3.524311066654969,-2.8136241119112912,10.625832577046141
Gryffindor,2.812534899403046,-2.7237506949303145,3.142355865377234,-2.4622561054165026,7.654830733624546
Hufflepuff,7.933544342793064,6.45956247626197,-7.235154725462724,-0.5207935984808918,14.377378886403983
Ravenclaw,-3.22820238350746,2.329201787073592,3.1369563168256973,4.839747050136515,10.831794052612818
Slytherin,-4.8065638873965115,-4.011884500787926,-3.5281145293671377,-2.81628697977354,10.634799637901187
Gryffindor,2.8160201092379795,-2.725454501315192,3.1462569003433987,-2.4633148272833223,7.661484076351712
Hufflepuff,7.953426954494342,6.476105301595224,-7.252479090524704,-0.5215037254291635,14.412740804861583
Ravenclaw,-3.229759092368886,2.330423953837756,3.138900855525498,4.843246690855675,10.83877553492566
Slytherin,-4.813166319422717,-4.014452354288341,-3.53190565254931,-2.8189407386102014,10.643750751363777
Gryffindor,2.819496990726077,-2.7271548837658823,3.1501475888816324,-2.464369487097503,7.6681322237879455
Hufflepuff,7.973293143014885,6.492636668601358,-7.269789345694189,-0.5222124077317671,14.448086529793
Ravenclaw,-3.2313105634445303,2.3316426038428637,3.140840397096696,4.8467388024131575,10.845751518407596
Slytherin,-4.819750783172708,-4.0170078871868835,-3.535684559043855,-2.8215854880073628,10.652686082114867
Gryffindor,2.822965628958486,-2.7288519000411724,3.1540280318991676,-2.4654201464013528,7.674775246271336
Hufflepuff,7.993143108572933,6.509156726774692,-7.287085665179002,-0.5229196627635868,14.48341628198404
Ravenclaw,-3.2328568742411172,2.332857787472572,3.1427750086115966,4.850223496884006,10.85272208818458
Slytherin,-4.826317451300832,-4.019551240597585,-3.539451369995192,-2.824221326121287,10.661605792539964
Gryffindor,2.8264261078988726,-2.7305456068762735,3.15789832897696,-2.4664668657218036,7.6814132130486685
Hufflepuff,8.012977048601732,6.52566562349791,-7.30436822071787,-0.5236255076494774,14.518730279085762
Ravenclaw,-3.234398101038048,2.3340695543114105,3.14470475608001,4.853700884574062,10.859687328042098
Slytherin,-4.832866494113967,-4.022082553550949,-3.5432062048809034,-2.8268483497051466,10.670510042771054
